LAST UPDATED,FREQUENCY,PERIOD BEGIN,PERIOD END,REGION TYPE,REGION NAME,PRICE BUCKET,MEDIAN SALE PRICE ($),MEDIAN DAYS ON MARKET (DAYS),ACTIVE LISTINGS,PENDING SALES
2026-08-15,Rolling 3 months,2026-05-01,2026-07-31,State,Alabama,Luxury,981284,61,2413,1163
2026-08-15,Rolling 3 months,2026-04-01,2026-06-30,State,Alabama,Luxury,993821,56,2423,1197
2026-08-15,Rolling 3 months,2026-03-01,2026-05-31,State,Alabama,Luxury,989858,55,2385,1194
2026-08-15,Rolling 3 months,2026-02-01,2026-04-30,State,Alabama,Luxury,945574,63,2241,1094
2026-08-15,Rolling 3 months,2026-01-01,2026-03-31,State,Alabama,Luxury,930416,83,2091,940
2026-08-15,Rolling 3 months,2026-05-01,2026-07-31,State,Alabama,Non-Luxury,297238,54,8274,5991
2026-08-15,Rolling 3 months,2026-04-01,2026-06-30,State,Alabama,Non-Luxury,295704,54,8330,6096
2026-08-15,Rolling 3 months,2026-03-01,2026-05-31,State,Alabama,Non-Luxury,294886,60,8282,6237
2026-08-15,Rolling 3 months,2026-02-01,2026-04-30,State,Alabama,Non-Luxury,293595,67,8019,6064
2026-08-15,Rolling 3 months,2026-01-01,2026-03-31,State,Alabama,Non-Luxury,291083,75,7682,5669
2026-08-15,Rolling 3 months,2026-05-01,2026-07-31,State,Alaska,Luxury,979201,24,233,159
2026-08-15,Rolling 3 months,2026-04-01,2026-06-30,State,Alaska,Luxury,969267,26,209,166
2026-08-15,Rolling 3 months,2026-03-01,2026-05-31,State,Alaska,Luxury,967078,35,177,135
2026-08-15,Rolling 3 months,2026-02-01,2026-04-30,State,Alaska,Luxury,995547,33,155,112
2026-08-15,Rolling 3 months,2026-01-01,2026-03-31,State,Alaska,Luxury,1005431,35,134,85
2026-08-15,Rolling 3 months,2026-05-01,2026-07-31,State,Alaska,Non-Luxury,420440,16,648,785
2026-08-15,Rolling 3 months,2026-04-01,2026-06-30,State,Alaska,Non-Luxury,415000,16,571,731
2026-08-15,Rolling 3 months,2026-03-01,2026-05-31,State,Alaska,Non-Luxury,414655,20,494,662
2026-08-15,Rolling 3 months,2026-02-01,2026-04-30,State,Alaska,Non-Luxury,417254,31,403,519
2026-08-15,Rolling 3 months,2026-01-01,2026-03-31,State,Alaska,Non-Luxury,417704,43,352,424
2026-08-15,Rolling 3 months,2026-05-01,2026-07-31,State,Arizona,Luxury,1895150,78,3546,1531
2026-08-15,Rolling 3 months,2026-04-01,2026-06-30,State,Arizona,Luxury,1878892,73,3847,1750
2026-08-15,Rolling 3 months,2026-03-01,2026-05-31,State,Arizona,Luxury,1933057,71,4022,1925
2026-08-15,Rolling 3 months,2026-02-01,2026-04-30,State,Arizona,Luxury,1920989,68,4064,1954
2026-08-15,Rolling 3 months,2026-01-01,2026-03-31,State,Arizona,Luxury,1957303,75,3965,1939
2026-08-15,Rolling 3 months,2026-05-01,2026-07-31,State,Arizona,Non-Luxury,445695,61,13270,8842
2026-08-15,Rolling 3 months,2026-04-01,2026-06-30,State,Arizona,Non-Luxury,444151,59,13680,9552
2026-08-15,Rolling 3 months,2026-03-01,2026-05-31,State,Arizona,Non-Luxury,443932,60,13912,10000
2026-08-15,Rolling 3 months,2026-02-01,2026-04-30,State,Arizona,Non-Luxury,442707,64,13666,9751
2026-08-15,Rolling 3 months,2026-01-01,2026-03-31,State,Arizona,Non-Luxury,444243,69,13126,9196
2026-08-15,Rolling 3 months,2026-05-01,2026-07-31,State,Arkansas,Luxury,923718,57,1528,616
2026-08-15,Rolling 3 months,2026-04-01,2026-06-30,State,Arkansas,Luxury,882737,63,1511,630
2026-08-15,Rolling 3 months,2026-03-01,2026-05-31,State,Arkansas,Luxury,891164,78,1457,630
2026-08-15,Rolling 3 months,2026-02-01,2026-04-30,State,Arkansas,Luxury,878249,93,1370,549
2026-08-15,Rolling 3 months,2026-01-01,2026-03-31,State,Arkansas,Luxury,927432,96,1294,490
2026-08-15,Rolling 3 months,2026-05-01,2026-07-31,State,Arkansas,Non-Luxury,259601,47,4710,3218
2026-08-15,Rolling 3 months,2026-04-01,2026-06-30,State,Arkansas,Non-Luxury,256492,47,4717,3366
2026-08-15,Rolling 3 months,2026-03-01,2026-05-31,State,Arkansas,Non-Luxury,257401,53,4642,3444
2026-08-15,Rolling 3 months,2026-02-01,2026-04-30,State,Arkansas,Non-Luxury,259561,65,4478,3254
2026-08-15,Rolling 3 months,2026-01-01,2026-03-31,State,Arkansas,Non-Luxury,262742,73,4246,2932
2026-08-15,Rolling 3 months,2026-05-01,2026-07-31,State,California,Luxury,3322497,39,9697,4502
2026-08-15,Rolling 3 months,2026-04-01,2026-06-30,State,California,Luxury,3346966,34,9750,4791
2026-08-15,Rolling 3 months,2026-03-01,2026-05-31,State,California,Luxury,3400184,34,9402,4688
2026-08-15,Rolling 3 months,2026-02-01,2026-04-30,State,California,Luxury,3403069,41,8698,4313
2026-08-15,Rolling 3 months,2026-01-01,2026-03-31,State,California,Luxury,3353720,54,7916,3732
2026-08-15,Rolling 3 months,2026-05-01,2026-07-31,State,California,Non-Luxury,826714,33,29964,25014
2026-08-15,Rolling 3 months,2026-04-01,2026-06-30,State,California,Non-Luxury,828380,31,29733,25508
2026-08-15,Rolling 3 months,2026-03-01,2026-05-31,State,California,Non-Luxury,825101,30,28831,25406
2026-08-15,Rolling 3 months,2026-02-01,2026-04-30,State,California,Non-Luxury,820500,34,26918,23977
2026-08-15,Rolling 3 months,2026-01-01,2026-03-31,State,California,Non-Luxury,815704,41,24821,21902
2026-08-15,Rolling 3 months,2026-05-01,2026-07-31,State,Colorado,Luxury,1771703,39,3034,1476
2026-08-15,Rolling 3 months,2026-04-01,2026-06-30,State,Colorado,Luxury,1771094,35,2936,1561
2026-08-15,Rolling 3 months,2026-03-01,2026-05-31,State,Colorado,Luxury,1784067,36,2736,1551
2026-08-15,Rolling 3 months,2026-02-01,2026-04-30,State,Colorado,Luxury,1781228,51,2537,1420
2026-08-15,Rolling 3 months,2026-01-01,2026-03-31,State,Colorado,Luxury,1823567,72,2299,1209
2026-08-15,Rolling 3 months,2026-05-01,2026-07-31,State,Colorado,Non-Luxury,553886,33,10070,7304
2026-08-15,Rolling 3 months,2026-04-01,2026-06-30,State,Colorado,Non-Luxury,554172,32,9615,7743
2026-08-15,Rolling 3 months,2026-03-01,2026-05-31,State,Colorado,Non-Luxury,555000,33,9074,8190
2026-08-15,Rolling 3 months,2026-02-01,2026-04-30,State,Colorado,Non-Luxury,555000,43,8498,7860
2026-08-15,Rolling 3 months,2026-01-01,2026-03-31,State,Colorado,Non-Luxury,554084,56,7821,7048
2026-08-15,Rolling 3 months,2026-05-01,2026-07-31,State,Columbia,Luxury,2224256,31,427,247
2026-08-15,Rolling 3 months,2026-04-01,2026-06-30,State,Columbia,Luxury,2206697,32,452,279
2026-08-15,Rolling 3 months,2026-03-01,2026-05-31,State,Columbia,Luxury,2158638,27,434,269
2026-08-15,Rolling 3 months,2026-02-01,2026-04-30,State,Columbia,Luxury,2057576,37,381,217
2026-08-15,Rolling 3 months,2026-01-01,2026-03-31,State,Columbia,Luxury,2073768,47,324,166
2026-08-15,Rolling 3 months,2026-05-01,2026-07-31,State,Columbia,Non-Luxury,585937,70,949,444
2026-08-15,Rolling 3 months,2026-04-01,2026-06-30,State,Columbia,Non-Luxury,577313,61,955,464
2026-08-15,Rolling 3 months,2026-03-01,2026-05-31,State,Columbia,Non-Luxury,577964,72,936,490
2026-08-15,Rolling 3 months,2026-02-01,2026-04-30,State,Columbia,Non-Luxury,580811,83,879,459
2026-08-15,Rolling 3 months,2026-01-01,2026-03-31,State,Columbia,Non-Luxury,595577,99,812,409
2026-08-15,Rolling 3 months,2026-05-01,2026-07-31,State,Connecticut,Luxury,1338194,35,975,696
2026-08-15,Rolling 3 months,2026-04-01,2026-06-30,State,Connecticut,Luxury,1397998,34,953,738
2026-08-15,Rolling 3 months,2026-03-01,2026-05-31,State,Connecticut,Luxury,1424610,59,849,643
2026-08-15,Rolling 3 months,2026-02-01,2026-04-30,State,Connecticut,Luxury,1470561,79,721,511
2026-08-15,Rolling 3 months,2026-01-01,2026-03-31,State,Connecticut,Luxury,1390017,93,646,355
2026-08-15,Rolling 3 months,2026-05-01,2026-07-31,State,Connecticut,Non-Luxury,415596,32,3340,3850
2026-08-15,Rolling 3 months,2026-04-01,2026-06-30,State,Connecticut,Non-Luxury,411899,32,3153,3800
2026-08-15,Rolling 3 months,2026-03-01,2026-05-31,State,Connecticut,Non-Luxury,409064,36,2724,3296
2026-08-15,Rolling 3 months,2026-02-01,2026-04-30,State,Connecticut,Non-Luxury,406019,41,2350,2713
2026-08-15,Rolling 3 months,2026-01-01,2026-03-31,State,Connecticut,Non-Luxury,402801,45,2185,2338
2026-08-15,Rolling 3 months,2026-05-01,2026-07-31,State,Delaware,Luxury,1252385,50,509,271
2026-08-15,Rolling 3 months,2026-04-01,2026-06-30,State,Delaware,Luxury,1229996,46,496,263
2026-08-15,Rolling 3 months,2026-03-01,2026-05-31,State,Delaware,Luxury,1180045,55,460,255
2026-08-15,Rolling 3 months,2026-02-01,2026-04-30,State,Delaware,Luxury,1311318,57,407,206
2026-08-15,Rolling 3 months,2026-01-01,2026-03-31,State,Delaware,Luxury,1353768,71,363,169
2026-08-15,Rolling 3 months,2026-05-01,2026-07-31,State,Delaware,Non-Luxury,379280,45,1611,1265
2026-08-15,Rolling 3 months,2026-04-01,2026-06-30,State,Delaware,Non-Luxury,377758,42,1588,1283
2026-08-15,Rolling 3 months,2026-03-01,2026-05-31,State,Delaware,Non-Luxury,377742,43,1513,1257
2026-08-15,Rolling 3 months,2026-02-01,2026-04-30,State,Delaware,Non-Luxury,377286,50,1383,1128
2026-08-15,Rolling 3 months,2026-01-01,2026-03-31,State,Delaware,Non-Luxury,377667,59,1253,980
2026-08-15,Rolling 3 months,2026-05-01,2026-07-31,State,Florida,Luxury,1810785,78,16258,6174
2026-08-15,Rolling 3 months,2026-04-01,2026-06-30,State,Florida,Luxury,1857583,76,16998,6875
2026-08-15,Rolling 3 months,2026-03-01,2026-05-31,State,Florida,Luxury,1856015,75,17507,7235
2026-08-15,Rolling 3 months,2026-02-01,2026-04-30,State,Florida,Luxury,1839456,76,17655,7250
2026-08-15,Rolling 3 months,2026-01-01,2026-03-31,State,Florida,Luxury,1803578,75,17444,6957
2026-08-15,Rolling 3 months,2026-05-01,2026-07-31,State,Florida,Non-Luxury,390629,63,53030,32347
2026-08-15,Rolling 3 months,2026-04-01,2026-06-30,State,Florida,Non-Luxury,390323,62,53837,33779
2026-08-15,Rolling 3 months,2026-03-01,2026-05-31,State,Florida,Non-Luxury,390329,66,54618,35132
2026-08-15,Rolling 3 months,2026-02-01,2026-04-30,State,Florida,Non-Luxury,389034,71,54835,34013
2026-08-15,Rolling 3 months,2026-01-01,2026-03-31,State,Florida,Non-Luxury,388186,77,54237,31764
2026-08-15,Rolling 3 months,2026-05-01,2026-07-31,State,Georgia,Luxury,1298022,47,5437,2127
2026-08-15,Rolling 3 months,2026-04-01,2026-06-30,State,Georgia,Luxury,1298050,43,5625,2290
2026-08-15,Rolling 3 months,2026-03-01,2026-05-31,State,Georgia,Luxury,1296830,42,5452,2330
2026-08-15,Rolling 3 months,2026-02-01,2026-04-30,State,Georgia,Luxury,1290893,55,5075,2169
2026-08-15,Rolling 3 months,2026-01-01,2026-03-31,State,Georgia,Luxury,1275330,69,4648,1898
2026-08-15,Rolling 3 months,2026-05-01,2026-07-31,State,Georgia,Non-Luxury,375510,51,19544,11234
2026-08-15,Rolling 3 months,2026-04-01,2026-06-30,State,Georgia,Non-Luxury,375507,49,19832,11882
2026-08-15,Rolling 3 months,2026-03-01,2026-05-31,State,Georgia,Non-Luxury,374998,54,19535,12208
2026-08-15,Rolling 3 months,2026-02-01,2026-04-30,State,Georgia,Non-Luxury,373905,63,18808,11823
2026-08-15,Rolling 3 months,2026-01-01,2026-03-31,State,Georgia,Non-Luxury,373469,72,17966,10821
2026-08-15,Rolling 3 months,2026-05-01,2026-07-31,State,Hawaii,Luxury,3270255,83,735,238
2026-08-15,Rolling 3 months,2026-04-01,2026-06-30,State,Hawaii,Luxury,3300159,107,720,226
2026-08-15,Rolling 3 months,2026-03-01,2026-05-31,State,Hawaii,Luxury,3297140,122,700,196
2026-08-15,Rolling 3 months,2026-02-01,2026-04-30,State,Hawaii,Luxury,3377791,130,694,169
2026-08-15,Rolling 3 months,2026-01-01,2026-03-31,State,Hawaii,Luxury,3436873,108,699,198
2026-08-15,Rolling 3 months,2026-05-01,2026-07-31,State,Hawaii,Non-Luxury,738371,85,2258,1120
2026-08-15,Rolling 3 months,2026-04-01,2026-06-30,State,Hawaii,Non-Luxury,734440,93,2250,1112
2026-08-15,Rolling 3 months,2026-03-01,2026-05-31,State,Hawaii,Non-Luxury,730999,99,2219,1131
2026-08-15,Rolling 3 months,2026-02-01,2026-04-30,State,Hawaii,Non-Luxury,730166,106,2160,1094
2026-08-15,Rolling 3 months,2026-01-01,2026-03-31,State,Hawaii,Non-Luxury,720853,102,2116,1044
2026-08-15,Rolling 3 months,2026-05-01,2026-07-31,State,Idaho,Luxury,1374057,56,1100,529
2026-08-15,Rolling 3 months,2026-04-01,2026-06-30,State,Idaho,Luxury,1366965,65,1070,534
2026-08-15,Rolling 3 months,2026-03-01,2026-05-31,State,Idaho,Luxury,1360086,85,991,494
2026-08-15,Rolling 3 months,2026-02-01,2026-04-30,State,Idaho,Luxury,1396667,108,922,420
2026-08-15,Rolling 3 months,2026-01-01,2026-03-31,State,Idaho,Luxury,1444778,125,868,353
2026-08-15,Rolling 3 months,2026-05-01,2026-07-31,State,Idaho,Non-Luxury,491752,28,2973,2606
2026-08-15,Rolling 3 months,2026-04-01,2026-06-30,State,Idaho,Non-Luxury,490532,31,2942,2729
2026-08-15,Rolling 3 months,2026-03-01,2026-05-31,State,Idaho,Non-Luxury,486610,41,2848,2728
2026-08-15,Rolling 3 months,2026-02-01,2026-04-30,State,Idaho,Non-Luxury,483069,55,2743,2539
2026-08-15,Rolling 3 months,2026-01-01,2026-03-31,State,Idaho,Non-Luxury,480201,69,2681,2259
2026-08-15,Rolling 3 months,2026-05-01,2026-07-31,State,Illinois,Luxury,1351788,43,3373,2346
2026-08-15,Rolling 3 months,2026-04-01,2026-06-30,State,Illinois,Luxury,1351505,43,3358,2664
2026-08-15,Rolling 3 months,2026-03-01,2026-05-31,State,Illinois,Luxury,1348985,45,3157,2653
2026-08-15,Rolling 3 months,2026-02-01,2026-04-30,State,Illinois,Luxury,1340069,50,2807,2348
2026-08-15,Rolling 3 months,2026-01-01,2026-03-31,State,Illinois,Luxury,1321957,60,2442,1813
2026-08-15,Rolling 3 months,2026-05-01,2026-07-31,State,Illinois,Non-Luxury,346637,43,13248,12678
2026-08-15,Rolling 3 months,2026-04-01,2026-06-30,State,Illinois,Non-Luxury,345000,43,12895,13116
2026-08-15,Rolling 3 months,2026-03-01,2026-05-31,State,Illinois,Non-Luxury,343517,45,12122,13045
2026-08-15,Rolling 3 months,2026-02-01,2026-04-30,State,Illinois,Non-Luxury,341985,51,11076,11944
2026-08-15,Rolling 3 months,2026-01-01,2026-03-31,State,Illinois,Non-Luxury,338615,56,10001,10269
2026-08-15,Rolling 3 months,2026-05-01,2026-07-31,State,Indiana,Luxury,868163,21,2144,1524
2026-08-15,Rolling 3 months,2026-04-01,2026-06-30,State,Indiana,Luxury,864420,22,2070,1596
2026-08-15,Rolling 3 months,2026-03-01,2026-05-31,State,Indiana,Luxury,852648,36,1893,1467
2026-08-15,Rolling 3 months,2026-02-01,2026-04-30,State,Indiana,Luxury,841177,46,1667,1214
2026-08-15,Rolling 3 months,2026-01-01,2026-03-31,State,Indiana,Luxury,855355,58,1500,932
2026-08-15,Rolling 3 months,2026-05-01,2026-07-31,State,Indiana,Non-Luxury,281665,24,7564,7740
2026-08-15,Rolling 3 months,2026-04-01,2026-06-30,State,Indiana,Non-Luxury,281400,25,7359,8005
2026-08-15,Rolling 3 months,2026-03-01,2026-05-31,State,Indiana,Non-Luxury,278220,30,7030,7914
2026-08-15,Rolling 3 months,2026-02-01,2026-04-30,State,Indiana,Non-Luxury,276575,40,6664,7414
2026-08-15,Rolling 3 months,2026-01-01,2026-03-31,State,Indiana,Non-Luxury,274344,49,6380,6483
2026-08-15,Rolling 3 months,2026-05-01,2026-07-31,State,Iowa,Luxury,746814,40,1089,627
2026-08-15,Rolling 3 months,2026-04-01,2026-06-30,State,Iowa,Luxury,731234,45,1057,649
2026-08-15,Rolling 3 months,2026-03-01,2026-05-31,State,Iowa,Luxury,705593,68,973,580
2026-08-15,Rolling 3 months,2026-02-01,2026-04-30,State,Iowa,Luxury,707767,86,880,486
2026-08-15,Rolling 3 months,2026-01-01,2026-03-31,State,Iowa,Luxury,703854,92,813,424
2026-08-15,Rolling 3 months,2026-05-01,2026-07-31,State,Iowa,Non-Luxury,270952,24,2987,2997
2026-08-15,Rolling 3 months,2026-04-01,2026-06-30,State,Iowa,Non-Luxury,269642,26,3037,3163
2026-08-15,Rolling 3 months,2026-03-01,2026-05-31,State,Iowa,Non-Luxury,266494,40,3026,3170
2026-08-15,Rolling 3 months,2026-02-01,2026-04-30,State,Iowa,Non-Luxury,263969,53,2938,2935
2026-08-15,Rolling 3 months,2026-01-01,2026-03-31,State,Iowa,Non-Luxury,259928,64,2833,2645
2026-08-15,Rolling 3 months,2026-05-01,2026-07-31,State,Kansas,Luxury,915737,26,994,702
2026-08-15,Rolling 3 months,2026-04-01,2026-06-30,State,Kansas,Luxury,915913,23,992,742
2026-08-15,Rolling 3 months,2026-03-01,2026-05-31,State,Kansas,Luxury,913526,32,946,727
2026-08-15,Rolling 3 months,2026-02-01,2026-04-30,State,Kansas,Luxury,925842,50,856,629
2026-08-15,Rolling 3 months,2026-01-01,2026-03-31,State,Kansas,Luxury,946115,66,764,478
2026-08-15,Rolling 3 months,2026-05-01,2026-07-31,State,Kansas,Non-Luxury,277631,11,2471,2926
2026-08-15,Rolling 3 months,2026-04-01,2026-06-30,State,Kansas,Non-Luxury,276522,11,2461,3042
2026-08-15,Rolling 3 months,2026-03-01,2026-05-31,State,Kansas,Non-Luxury,274173,15,2365,3086
2026-08-15,Rolling 3 months,2026-02-01,2026-04-30,State,Kansas,Non-Luxury,274679,23,2188,2781
2026-08-15,Rolling 3 months,2026-01-01,2026-03-31,State,Kansas,Non-Luxury,269656,33,2070,2498
2026-08-15,Rolling 3 months,2026-05-01,2026-07-31,State,Kentucky,Luxury,858153,47,1482,783
2026-08-15,Rolling 3 months,2026-04-01,2026-06-30,State,Kentucky,Luxury,848601,47,1431,793
2026-08-15,Rolling 3 months,2026-03-01,2026-05-31,State,Kentucky,Luxury,835707,53,1316,786
2026-08-15,Rolling 3 months,2026-02-01,2026-04-30,State,Kentucky,Luxury,822799,67,1155,627
2026-08-15,Rolling 3 months,2026-01-01,2026-03-31,State,Kentucky,Luxury,823596,77,1052,520
2026-08-15,Rolling 3 months,2026-05-01,2026-07-31,State,Kentucky,Non-Luxury,289931,36,4335,3896
2026-08-15,Rolling 3 months,2026-04-01,2026-06-30,State,Kentucky,Non-Luxury,288344,37,4293,4093
2026-08-15,Rolling 3 months,2026-03-01,2026-05-31,State,Kentucky,Non-Luxury,286874,42,4189,4230
2026-08-15,Rolling 3 months,2026-02-01,2026-04-30,State,Kentucky,Non-Luxury,285000,49,4000,3839
2026-08-15,Rolling 3 months,2026-01-01,2026-03-31,State,Kentucky,Non-Luxury,285000,56,3841,3429
2026-08-15,Rolling 3 months,2026-05-01,2026-07-31,State,Louisiana,Luxury,880165,53,1610,676
2026-08-15,Rolling 3 months,2026-04-01,2026-06-30,State,Louisiana,Luxury,881833,61,1663,769
2026-08-15,Rolling 3 months,2026-03-01,2026-05-31,State,Louisiana,Luxury,857873,80,1664,771
2026-08-15,Rolling 3 months,2026-02-01,2026-04-30,State,Louisiana,Luxury,859751,93,1627,761
2026-08-15,Rolling 3 months,2026-01-01,2026-03-31,State,Louisiana,Luxury,853185,98,1567,671
2026-08-15,Rolling 3 months,2026-05-01,2026-07-31,State,Louisiana,Non-Luxury,257519,51,5594,3635
2026-08-15,Rolling 3 months,2026-04-01,2026-06-30,State,Louisiana,Non-Luxury,257963,55,5684,3852
2026-08-15,Rolling 3 months,2026-03-01,2026-05-31,State,Louisiana,Non-Luxury,257395,63,5727,4008
2026-08-15,Rolling 3 months,2026-02-01,2026-04-30,State,Louisiana,Non-Luxury,256100,71,5682,3781
2026-08-15,Rolling 3 months,2026-01-01,2026-03-31,State,Louisiana,Non-Luxury,253774,73,5580,3462
2026-08-15,Rolling 3 months,2026-05-01,2026-07-31,State,Maine,Luxury,1642781,47,503,258
2026-08-15,Rolling 3 months,2026-04-01,2026-06-30,State,Maine,Luxury,1579187,60,439,234
2026-08-15,Rolling 3 months,2026-03-01,2026-05-31,State,Maine,Luxury,1495146,84,361,172
2026-08-15,Rolling 3 months,2026-02-01,2026-04-30,State,Maine,Luxury,1459511,112,297,113
2026-08-15,Rolling 3 months,2026-01-01,2026-03-31,State,Maine,Luxury,1584539,125,263,106
2026-08-15,Rolling 3 months,2026-05-01,2026-07-31,State,Maine,Non-Luxury,503348,28,1372,1267
2026-08-15,Rolling 3 months,2026-04-01,2026-06-30,State,Maine,Non-Luxury,503706,30,1239,1213
2026-08-15,Rolling 3 months,2026-03-01,2026-05-31,State,Maine,Non-Luxury,493873,44,1070,1097
2026-08-15,Rolling 3 months,2026-02-01,2026-04-30,State,Maine,Non-Luxury,489569,57,927,873
2026-08-15,Rolling 3 months,2026-01-01,2026-03-31,State,Maine,Non-Luxury,487422,68,871,737
2026-08-15,Rolling 3 months,2026-05-01,2026-07-31,State,Maryland,Luxury,1414274,31,1529,1036
2026-08-15,Rolling 3 months,2026-04-01,2026-06-30,State,Maryland,Luxury,1413284,29,1489,1068
2026-08-15,Rolling 3 months,2026-03-01,2026-05-31,State,Maryland,Luxury,1459419,28,1271,902
2026-08-15,Rolling 3 months,2026-02-01,2026-04-30,State,Maryland,Luxury,1474668,43,1025,691
2026-08-15,Rolling 3 months,2026-01-01,2026-03-31,State,Maryland,Luxury,1518345,58,845,517
2026-08-15,Rolling 3 months,2026-05-01,2026-07-31,State,Maryland,Non-Luxury,454822,35,7144,6229
2026-08-15,Rolling 3 months,2026-04-01,2026-06-30,State,Maryland,Non-Luxury,452648,34,6954,6565
2026-08-15,Rolling 3 months,2026-03-01,2026-05-31,State,Maryland,Non-Luxury,449315,37,6539,6523
2026-08-15,Rolling 3 months,2026-02-01,2026-04-30,State,Maryland,Non-Luxury,448881,43,5944,5924
2026-08-15,Rolling 3 months,2026-01-01,2026-03-31,State,Maryland,Non-Luxury,446790,50,5510,5216
2026-08-15,Rolling 3 months,2026-05-01,2026-07-31,State,Massachusetts,Luxury,2482665,24,2249,1190
2026-08-15,Rolling 3 months,2026-04-01,2026-06-30,State,Massachusetts,Luxury,2520701,23,2205,1219
2026-08-15,Rolling 3 months,2026-03-01,2026-05-31,State,Massachusetts,Luxury,2590831,33,1973,1138
2026-08-15,Rolling 3 months,2026-02-01,2026-04-30,State,Massachusetts,Luxury,2607013,44,1642,897
2026-08-15,Rolling 3 months,2026-01-01,2026-03-31,State,Massachusetts,Luxury,2575352,65,1357,679
2026-08-15,Rolling 3 months,2026-05-01,2026-07-31,State,Massachusetts,Non-Luxury,698020,21,6630,7185
2026-08-15,Rolling 3 months,2026-04-01,2026-06-30,State,Massachusetts,Non-Luxury,695972,21,6413,7300
2026-08-15,Rolling 3 months,2026-03-01,2026-05-31,State,Massachusetts,Non-Luxury,694355,22,5480,6292
2026-08-15,Rolling 3 months,2026-02-01,2026-04-30,State,Massachusetts,Non-Luxury,682749,28,4342,4856
2026-08-15,Rolling 3 months,2026-01-01,2026-03-31,State,Massachusetts,Non-Luxury,679440,32,3508,3784
2026-08-15,Rolling 3 months,2026-05-01,2026-07-31,State,Michigan,Luxury,905039,21,3335,2377
2026-08-15,Rolling 3 months,2026-04-01,2026-06-30,State,Michigan,Luxury,905773,22,3067,2268
2026-08-15,Rolling 3 months,2026-03-01,2026-05-31,State,Michigan,Luxury,891704,27,2693,1784
2026-08-15,Rolling 3 months,2026-02-01,2026-04-30,State,Michigan,Luxury,879152,38,2290,1369
2026-08-15,Rolling 3 months,2026-01-01,2026-03-31,State,Michigan,Luxury,873575,53,2050,1060
2026-08-15,Rolling 3 months,2026-05-01,2026-07-31,State,Michigan,Non-Luxury,285000,21,9825,11760
2026-08-15,Rolling 3 months,2026-04-01,2026-06-30,State,Michigan,Non-Luxury,283543,21,9201,11403
2026-08-15,Rolling 3 months,2026-03-01,2026-05-31,State,Michigan,Non-Luxury,280398,26,8378,9713
2026-08-15,Rolling 3 months,2026-02-01,2026-04-30,State,Michigan,Non-Luxury,278301,33,7513,8189
2026-08-15,Rolling 3 months,2026-01-01,2026-03-31,State,Michigan,Non-Luxury,275129,39,7078,7103
2026-08-15,Rolling 3 months,2026-05-01,2026-07-31,State,Minnesota,Luxury,1162907,24,2210,1243
2026-08-15,Rolling 3 months,2026-04-01,2026-06-30,State,Minnesota,Luxury,1141321,23,2091,1256
2026-08-15,Rolling 3 months,2026-03-01,2026-05-31,State,Minnesota,Luxury,1149714,33,1884,1117
2026-08-15,Rolling 3 months,2026-02-01,2026-04-30,State,Minnesota,Luxury,1154130,55,1605,867
2026-08-15,Rolling 3 months,2026-01-01,2026-03-31,State,Minnesota,Luxury,1141835,72,1381,658
2026-08-15,Rolling 3 months,2026-05-01,2026-07-31,State,Minnesota,Non-Luxury,375155,19,6181,6409
2026-08-15,Rolling 3 months,2026-04-01,2026-06-30,State,Minnesota,Non-Luxury,374151,19,5885,6574
2026-08-15,Rolling 3 months,2026-03-01,2026-05-31,State,Minnesota,Non-Luxury,373988,22,5377,6202
2026-08-15,Rolling 3 months,2026-02-01,2026-04-30,State,Minnesota,Non-Luxury,374324,30,4710,5199
2026-08-15,Rolling 3 months,2026-01-01,2026-03-31,State,Minnesota,Non-Luxury,372826,39,4180,4211
2026-08-15,Rolling 3 months,2026-05-01,2026-07-31,State,Mississippi,Luxury,777692,62,921,375
2026-08-15,Rolling 3 months,2026-04-01,2026-06-30,State,Mississippi,Luxury,771797,77,907,396
2026-08-15,Rolling 3 months,2026-03-01,2026-05-31,State,Mississippi,Luxury,752732,84,877,376
2026-08-15,Rolling 3 months,2026-02-01,2026-04-30,State,Mississippi,Luxury,728992,86,833,349
2026-08-15,Rolling 3 months,2026-01-01,2026-03-31,State,Mississippi,Luxury,717181,76,782,297
2026-08-15,Rolling 3 months,2026-05-01,2026-07-31,State,Mississippi,Non-Luxury,268092,33,2660,2142
2026-08-15,Rolling 3 months,2026-04-01,2026-06-30,State,Mississippi,Non-Luxury,266587,32,2659,2250
2026-08-15,Rolling 3 months,2026-03-01,2026-05-31,State,Mississippi,Non-Luxury,264564,34,2656,2234
2026-08-15,Rolling 3 months,2026-02-01,2026-04-30,State,Mississippi,Non-Luxury,263821,42,2559,2125
2026-08-15,Rolling 3 months,2026-01-01,2026-03-31,State,Mississippi,Non-Luxury,262134,48,2463,1929
2026-08-15,Rolling 3 months,2026-05-01,2026-07-31,State,Missouri,Luxury,925462,20,1912,1198
2026-08-15,Rolling 3 months,2026-04-01,2026-06-30,State,Missouri,Luxury,915698,27,1880,1262
2026-08-15,Rolling 3 months,2026-03-01,2026-05-31,State,Missouri,Luxury,921152,33,1763,1219
2026-08-15,Rolling 3 months,2026-02-01,2026-04-30,State,Missouri,Luxury,905559,43,1630,1081
2026-08-15,Rolling 3 months,2026-01-01,2026-03-31,State,Missouri,Luxury,907594,44,1504,865
2026-08-15,Rolling 3 months,2026-05-01,2026-07-31,State,Missouri,Non-Luxury,297005,16,6233,6931
2026-08-15,Rolling 3 months,2026-04-01,2026-06-30,State,Missouri,Non-Luxury,294522,15,6079,7044
2026-08-15,Rolling 3 months,2026-03-01,2026-05-31,State,Missouri,Non-Luxury,291865,19,5882,7026
2026-08-15,Rolling 3 months,2026-02-01,2026-04-30,State,Missouri,Non-Luxury,288894,27,5488,6458
2026-08-15,Rolling 3 months,2026-01-01,2026-03-31,State,Missouri,Non-Luxury,288564,35,5215,5841
2026-08-15,Rolling 3 months,2026-05-01,2026-07-31,State,Montana,Luxury,1722360,91,609,244
2026-08-15,Rolling 3 months,2026-04-01,2026-06-30,State,Montana,Luxury,1813517,120,565,205
2026-08-15,Rolling 3 months,2026-03-01,2026-05-31,State,Montana,Luxury,2040253,169,502,162
2026-08-15,Rolling 3 months,2026-02-01,2026-04-30,State,Montana,Luxury,2023776,190,453,126
2026-08-15,Rolling 3 months,2026-01-01,2026-03-31,State,Montana,Luxury,2525309,155,425,115
2026-08-15,Rolling 3 months,2026-05-01,2026-07-31,State,Montana,Non-Luxury,523224,58,1476,1245
2026-08-15,Rolling 3 months,2026-04-01,2026-06-30,State,Montana,Non-Luxury,525969,61,1387,1109
2026-08-15,Rolling 3 months,2026-03-01,2026-05-31,State,Montana,Non-Luxury,538783,76,1292,976
2026-08-15,Rolling 3 months,2026-02-01,2026-04-30,State,Montana,Non-Luxury,539172,93,1204,894
2026-08-15,Rolling 3 months,2026-01-01,2026-03-31,State,Montana,Non-Luxury,523551,104,1122,779
2026-08-15,Rolling 3 months,2026-05-01,2026-07-31,State,Nebraska,Luxury,844415,44,623,337
2026-08-15,Rolling 3 months,2026-04-01,2026-06-30,State,Nebraska,Luxury,833480,55,639,347
2026-08-15,Rolling 3 months,2026-03-01,2026-05-31,State,Nebraska,Luxury,837184,71,608,306
2026-08-15,Rolling 3 months,2026-02-01,2026-04-30,State,Nebraska,Luxury,824931,94,548,248
2026-08-15,Rolling 3 months,2026-01-01,2026-03-31,State,Nebraska,Luxury,866917,84,499,207
2026-08-15,Rolling 3 months,2026-05-01,2026-07-31,State,Nebraska,Non-Luxury,308915,15,1522,1667
2026-08-15,Rolling 3 months,2026-04-01,2026-06-30,State,Nebraska,Non-Luxury,308319,16,1528,1833
2026-08-15,Rolling 3 months,2026-03-01,2026-05-31,State,Nebraska,Non-Luxury,308200,22,1541,1930
2026-08-15,Rolling 3 months,2026-02-01,2026-04-30,State,Nebraska,Non-Luxury,307432,29,1496,1864
2026-08-15,Rolling 3 months,2026-01-01,2026-03-31,State,Nebraska,Non-Luxury,305303,37,1460,1656
2026-08-15,Rolling 3 months,2026-05-01,2026-07-31,State,Nevada,Luxury,1810005,66,1603,651
2026-08-15,Rolling 3 months,2026-04-01,2026-06-30,State,Nevada,Luxury,1856978,70,1609,703
2026-08-15,Rolling 3 months,2026-03-01,2026-05-31,State,Nevada,Luxury,1894909,87,1604,715
2026-08-15,Rolling 3 months,2026-02-01,2026-04-30,State,Nevada,Luxury,1891751,105,1541,693
2026-08-15,Rolling 3 months,2026-01-01,2026-03-31,State,Nevada,Luxury,1818317,117,1485,666
2026-08-15,Rolling 3 months,2026-05-01,2026-07-31,State,Nevada,Non-Luxury,460000,45,4889,3639
2026-08-15,Rolling 3 months,2026-04-01,2026-06-30,State,Nevada,Non-Luxury,459984,45,4829,3789
2026-08-15,Rolling 3 months,2026-03-01,2026-05-31,State,Nevada,Non-Luxury,459472,48,4700,3815
2026-08-15,Rolling 3 months,2026-02-01,2026-04-30,State,Nevada,Non-Luxury,457303,54,4533,3778
2026-08-15,Rolling 3 months,2026-01-01,2026-03-31,State,Nevada,Non-Luxury,455308,62,4389,3549
2026-08-15,Rolling 3 months,2026-05-01,2026-07-31,State,New Hampshire,Luxury,1549450,36,568,360
2026-08-15,Rolling 3 months,2026-04-01,2026-06-30,State,New Hampshire,Luxury,1522807,41,520,353
2026-08-15,Rolling 3 months,2026-03-01,2026-05-31,State,New Hampshire,Luxury,1539817,46,450,299
2026-08-15,Rolling 3 months,2026-02-01,2026-04-30,State,New Hampshire,Luxury,1529031,62,387,250
2026-08-15,Rolling 3 months,2026-01-01,2026-03-31,State,New Hampshire,Luxury,1549225,68,355,192
2026-08-15,Rolling 3 months,2026-05-01,2026-07-31,State,New Hampshire,Non-Luxury,523157,34,1694,1723
2026-08-15,Rolling 3 months,2026-04-01,2026-06-30,State,New Hampshire,Non-Luxury,521648,33,1564,1697
2026-08-15,Rolling 3 months,2026-03-01,2026-05-31,State,New Hampshire,Non-Luxury,520744,36,1347,1452
2026-08-15,Rolling 3 months,2026-02-01,2026-04-30,State,New Hampshire,Non-Luxury,519626,39,1127,1237
2026-08-15,Rolling 3 months,2026-01-01,2026-03-31,State,New Hampshire,Non-Luxury,522138,47,1003,1000
2026-08-15,Rolling 3 months,2026-05-01,2026-07-31,State,New Jersey,Luxury,1929666,24,2315,1358
2026-08-15,Rolling 3 months,2026-04-01,2026-06-30,State,New Jersey,Luxury,1924847,23,2263,1401
2026-08-15,Rolling 3 months,2026-03-01,2026-05-31,State,New Jersey,Luxury,1901873,29,2067,1300
2026-08-15,Rolling 3 months,2026-02-01,2026-04-30,State,New Jersey,Luxury,1939305,39,1779,1026
2026-08-15,Rolling 3 months,2026-01-01,2026-03-31,State,New Jersey,Luxury,1947832,52,1558,795
2026-08-15,Rolling 3 months,2026-05-01,2026-07-31,State,New Jersey,Non-Luxury,578332,35,10254,8937
2026-08-15,Rolling 3 months,2026-04-01,2026-06-30,State,New Jersey,Non-Luxury,574184,37,9873,9034
2026-08-15,Rolling 3 months,2026-03-01,2026-05-31,State,New Jersey,Non-Luxury,573139,43,9073,8262
2026-08-15,Rolling 3 months,2026-02-01,2026-04-30,State,New Jersey,Non-Luxury,573052,51,8108,7164
2026-08-15,Rolling 3 months,2026-01-01,2026-03-31,State,New Jersey,Non-Luxury,569277,57,7413,6162
2026-08-15,Rolling 3 months,2026-05-01,2026-07-31,State,New Mexico,Luxury,942834,63,920,374
2026-08-15,Rolling 3 months,2026-04-01,2026-06-30,State,New Mexico,Luxury,937757,59,879,369
2026-08-15,Rolling 3 months,2026-03-01,2026-05-31,State,New Mexico,Luxury,917992,77,809,343
2026-08-15,Rolling 3 months,2026-02-01,2026-04-30,State,New Mexico,Luxury,934248,79,737,290
2026-08-15,Rolling 3 months,2026-01-01,2026-03-31,State,New Mexico,Luxury,940770,94,704,270
2026-08-15,Rolling 3 months,2026-05-01,2026-07-31,State,New Mexico,Non-Luxury,348224,41,2560,1915
2026-08-15,Rolling 3 months,2026-04-01,2026-06-30,State,New Mexico,Non-Luxury,346641,41,2581,2018
2026-08-15,Rolling 3 months,2026-03-01,2026-05-31,State,New Mexico,Non-Luxury,347378,44,2540,1992
2026-08-15,Rolling 3 months,2026-02-01,2026-04-30,State,New Mexico,Non-Luxury,345874,54,2420,1891
2026-08-15,Rolling 3 months,2026-01-01,2026-03-31,State,New Mexico,Non-Luxury,346080,62,2316,1753
2026-08-15,Rolling 3 months,2026-05-01,2026-07-31,State,New York,Luxury,2599694,39,5320,2400
2026-08-15,Rolling 3 months,2026-04-01,2026-06-30,State,New York,Luxury,2774170,53,5218,2370
2026-08-15,Rolling 3 months,2026-03-01,2026-05-31,State,New York,Luxury,3097394,74,4811,2139
2026-08-15,Rolling 3 months,2026-02-01,2026-04-30,State,New York,Luxury,3100820,87,4337,1807
2026-08-15,Rolling 3 months,2026-01-01,2026-03-31,State,New York,Luxury,3073841,82,4036,1521
2026-08-15,Rolling 3 months,2026-05-01,2026-07-31,State,New York,Non-Luxury,660000,25,13543,11943
2026-08-15,Rolling 3 months,2026-04-01,2026-06-30,State,New York,Non-Luxury,661450,28,12994,11440
2026-08-15,Rolling 3 months,2026-03-01,2026-05-31,State,New York,Non-Luxury,664870,35,11861,10102
2026-08-15,Rolling 3 months,2026-02-01,2026-04-30,State,New York,Non-Luxury,667947,42,10534,8502
2026-08-15,Rolling 3 months,2026-01-01,2026-03-31,State,New York,Non-Luxury,665914,41,9756,7463
2026-08-15,Rolling 3 months,2026-05-01,2026-07-31,State,North Carolina,Luxury,1381186,50,5907,2718
2026-08-15,Rolling 3 months,2026-04-01,2026-06-30,State,North Carolina,Luxury,1372018,47,5884,2895
2026-08-15,Rolling 3 months,2026-03-01,2026-05-31,State,North Carolina,Luxury,1360809,55,5555,2928
2026-08-15,Rolling 3 months,2026-02-01,2026-04-30,State,North Carolina,Luxury,1341267,69,4960,2513
2026-08-15,Rolling 3 months,2026-01-01,2026-03-31,State,North Carolina,Luxury,1344384,86,4425,2157
2026-08-15,Rolling 3 months,2026-05-01,2026-07-31,State,North Carolina,Non-Luxury,386781,53,20043,12823
2026-08-15,Rolling 3 months,2026-04-01,2026-06-30,State,North Carolina,Non-Luxury,386785,52,19903,13613
2026-08-15,Rolling 3 months,2026-03-01,2026-05-31,State,North Carolina,Non-Luxury,385000,59,19212,14106
2026-08-15,Rolling 3 months,2026-02-01,2026-04-30,State,North Carolina,Non-Luxury,383637,72,18001,13139
2026-08-15,Rolling 3 months,2026-01-01,2026-03-31,State,North Carolina,Non-Luxury,382049,82,16766,11784
2026-08-15,Rolling 3 months,2026-05-01,2026-07-31,State,North Dakota,Luxury,831111,60,298,131
2026-08-15,Rolling 3 months,2026-04-01,2026-06-30,State,North Dakota,Luxury,835256,46,294,142
2026-08-15,Rolling 3 months,2026-03-01,2026-05-31,State,North Dakota,Luxury,816515,88,270,124
2026-08-15,Rolling 3 months,2026-02-01,2026-04-30,State,North Dakota,Luxury,812946,119,241,112
2026-08-15,Rolling 3 months,2026-01-01,2026-03-31,State,North Dakota,Luxury,776846,146,221,81
2026-08-15,Rolling 3 months,2026-05-01,2026-07-31,State,North Dakota,Non-Luxury,314072,28,626,673
2026-08-15,Rolling 3 months,2026-04-01,2026-06-30,State,North Dakota,Non-Luxury,316218,27,628,704
2026-08-15,Rolling 3 months,2026-03-01,2026-05-31,State,North Dakota,Non-Luxury,313251,36,600,684
2026-08-15,Rolling 3 months,2026-02-01,2026-04-30,State,North Dakota,Non-Luxury,312712,44,537,587
2026-08-15,Rolling 3 months,2026-01-01,2026-03-31,State,North Dakota,Non-Luxury,304551,57,490,499
2026-08-15,Rolling 3 months,2026-05-01,2026-07-31,State,Ohio,Luxury,850000,38,3867,2717
2026-08-15,Rolling 3 months,2026-04-01,2026-06-30,State,Ohio,Luxury,843573,39,3671,2720
2026-08-15,Rolling 3 months,2026-03-01,2026-05-31,State,Ohio,Luxury,831260,42,3309,2556
2026-08-15,Rolling 3 months,2026-02-01,2026-04-30,State,Ohio,Luxury,817556,50,2850,2121
2026-08-15,Rolling 3 months,2026-01-01,2026-03-31,State,Ohio,Luxury,815662,60,2502,1679
2026-08-15,Rolling 3 months,2026-05-01,2026-07-31,State,Ohio,Non-Luxury,261020,35,11909,12894
2026-08-15,Rolling 3 months,2026-04-01,2026-06-30,State,Ohio,Non-Luxury,259400,36,11398,13008
2026-08-15,Rolling 3 months,2026-03-01,2026-05-31,State,Ohio,Non-Luxury,259342,37,10685,12641
2026-08-15,Rolling 3 months,2026-02-01,2026-04-30,State,Ohio,Non-Luxury,259230,43,9798,11284
2026-08-15,Rolling 3 months,2026-01-01,2026-03-31,State,Ohio,Non-Luxury,258588,49,9133,9928
2026-08-15,Rolling 3 months,2026-05-01,2026-07-31,State,Oklahoma,Luxury,826014,40,1750,793
2026-08-15,Rolling 3 months,2026-04-01,2026-06-30,State,Oklahoma,Luxury,809397,44,1731,874
2026-08-15,Rolling 3 months,2026-03-01,2026-05-31,State,Oklahoma,Luxury,814801,62,1646,866
2026-08-15,Rolling 3 months,2026-02-01,2026-04-30,State,Oklahoma,Luxury,811284,80,1535,798
2026-08-15,Rolling 3 months,2026-01-01,2026-03-31,State,Oklahoma,Luxury,821459,91,1421,639
2026-08-15,Rolling 3 months,2026-05-01,2026-07-31,State,Oklahoma,Non-Luxury,260231,33,5246,4097
2026-08-15,Rolling 3 months,2026-04-01,2026-06-30,State,Oklahoma,Non-Luxury,260235,36,5187,4330
2026-08-15,Rolling 3 months,2026-03-01,2026-05-31,State,Oklahoma,Non-Luxury,261045,45,5051,4365
2026-08-15,Rolling 3 months,2026-02-01,2026-04-30,State,Oklahoma,Non-Luxury,260883,55,4881,4291
2026-08-15,Rolling 3 months,2026-01-01,2026-03-31,State,Oklahoma,Non-Luxury,260836,63,4780,3979
2026-08-15,Rolling 3 months,2026-05-01,2026-07-31,State,Oregon,Luxury,1373786,28,2038,928
2026-08-15,Rolling 3 months,2026-04-01,2026-06-30,State,Oregon,Luxury,1353315,28,1911,955
2026-08-15,Rolling 3 months,2026-03-01,2026-05-31,State,Oregon,Luxury,1315520,37,1735,876
2026-08-15,Rolling 3 months,2026-02-01,2026-04-30,State,Oregon,Luxury,1304474,64,1556,749
2026-08-15,Rolling 3 months,2026-01-01,2026-03-31,State,Oregon,Luxury,1329303,94,1399,604
2026-08-15,Rolling 3 months,2026-05-01,2026-07-31,State,Oregon,Non-Luxury,520933,25,5370,4548
2026-08-15,Rolling 3 months,2026-04-01,2026-06-30,State,Oregon,Non-Luxury,519259,25,5238,4655
2026-08-15,Rolling 3 months,2026-03-01,2026-05-31,State,Oregon,Non-Luxury,517815,30,4920,4423
2026-08-15,Rolling 3 months,2026-02-01,2026-04-30,State,Oregon,Non-Luxury,517539,43,4540,4033
2026-08-15,Rolling 3 months,2026-01-01,2026-03-31,State,Oregon,Non-Luxury,515764,56,4224,3629
2026-08-15,Rolling 3 months,2026-05-01,2026-07-31,State,Pennsylvania,Luxury,994052,35,3651,2222
2026-08-15,Rolling 3 months,2026-04-01,2026-06-30,State,Pennsylvania,Luxury,997295,36,3583,2351
2026-08-15,Rolling 3 months,2026-03-01,2026-05-31,State,Pennsylvania,Luxury,993685,43,3276,2199
2026-08-15,Rolling 3 months,2026-02-01,2026-04-30,State,Pennsylvania,Luxury,986959,54,2878,1806
2026-08-15,Rolling 3 months,2026-01-01,2026-03-31,State,Pennsylvania,Luxury,978439,64,2575,1436
2026-08-15,Rolling 3 months,2026-05-01,2026-07-31,State,Pennsylvania,Non-Luxury,299069,29,12277,11923
2026-08-15,Rolling 3 months,2026-04-01,2026-06-30,State,Pennsylvania,Non-Luxury,297524,31,11833,12066
2026-08-15,Rolling 3 months,2026-03-01,2026-05-31,State,Pennsylvania,Non-Luxury,295744,34,11059,11642
2026-08-15,Rolling 3 months,2026-02-01,2026-04-30,State,Pennsylvania,Non-Luxury,293645,40,10068,10329
2026-08-15,Rolling 3 months,2026-01-01,2026-03-31,State,Pennsylvania,Non-Luxury,291923,44,9481,9015
2026-08-15,Rolling 3 months,2026-05-01,2026-07-31,State,Rhode Island,Luxury,1669781,28,476,278
2026-08-15,Rolling 3 months,2026-04-01,2026-06-30,State,Rhode Island,Luxury,1709567,28,429,252
2026-08-15,Rolling 3 months,2026-03-01,2026-05-31,State,Rhode Island,Luxury,1791999,38,361,206
2026-08-15,Rolling 3 months,2026-02-01,2026-04-30,State,Rhode Island,Luxury,1790355,60,301,149
2026-08-15,Rolling 3 months,2026-01-01,2026-03-31,State,Rhode Island,Luxury,1846543,76,269,111
2026-08-15,Rolling 3 months,2026-05-01,2026-07-31,State,Rhode Island,Non-Luxury,519960,24,949,1066
2026-08-15,Rolling 3 months,2026-04-01,2026-06-30,State,Rhode Island,Non-Luxury,517367,24,907,1081
2026-08-15,Rolling 3 months,2026-03-01,2026-05-31,State,Rhode Island,Non-Luxury,516667,29,831,984
2026-08-15,Rolling 3 months,2026-02-01,2026-04-30,State,Rhode Island,Non-Luxury,513304,34,728,787
2026-08-15,Rolling 3 months,2026-01-01,2026-03-31,State,Rhode Island,Non-Luxury,509890,38,654,641
2026-08-15,Rolling 3 months,2026-05-01,2026-07-31,State,South Carolina,Luxury,1272546,64,3194,1452
2026-08-15,Rolling 3 months,2026-04-01,2026-06-30,State,South Carolina,Luxury,1333549,65,3170,1497
2026-08-15,Rolling 3 months,2026-03-01,2026-05-31,State,South Carolina,Luxury,1395962,69,3057,1499
2026-08-15,Rolling 3 months,2026-02-01,2026-04-30,State,South Carolina,Luxury,1421202,78,2844,1441
2026-08-15,Rolling 3 months,2026-01-01,2026-03-31,State,South Carolina,Luxury,1496776,87,2636,1297
2026-08-15,Rolling 3 months,2026-05-01,2026-07-31,State,South Carolina,Non-Luxury,350189,70,12786,7981
2026-08-15,Rolling 3 months,2026-04-01,2026-06-30,State,South Carolina,Non-Luxury,349670,73,13164,8487
2026-08-15,Rolling 3 months,2026-03-01,2026-05-31,State,South Carolina,Non-Luxury,349641,78,13022,8702
2026-08-15,Rolling 3 months,2026-02-01,2026-04-30,State,South Carolina,Non-Luxury,346101,86,12449,8159
2026-08-15,Rolling 3 months,2026-01-01,2026-03-31,State,South Carolina,Non-Luxury,342914,92,11709,7454
2026-08-15,Rolling 3 months,2026-05-01,2026-07-31,State,South Dakota,Luxury,857605,56,420,213
2026-08-15,Rolling 3 months,2026-04-01,2026-06-30,State,South Dakota,Luxury,845727,69,408,205
2026-08-15,Rolling 3 months,2026-03-01,2026-05-31,State,South Dakota,Luxury,862625,100,377,172
2026-08-15,Rolling 3 months,2026-02-01,2026-04-30,State,South Dakota,Luxury,902753,135,338,141
2026-08-15,Rolling 3 months,2026-01-01,2026-03-31,State,South Dakota,Luxury,934962,144,307,115
2026-08-15,Rolling 3 months,2026-05-01,2026-07-31,State,South Dakota,Non-Luxury,336964,40,986,760
2026-08-15,Rolling 3 months,2026-04-01,2026-06-30,State,South Dakota,Non-Luxury,337764,42,942,758
2026-08-15,Rolling 3 months,2026-03-01,2026-05-31,State,South Dakota,Non-Luxury,337957,47,914,782
2026-08-15,Rolling 3 months,2026-02-01,2026-04-30,State,South Dakota,Non-Luxury,337103,59,845,748
2026-08-15,Rolling 3 months,2026-01-01,2026-03-31,State,South Dakota,Non-Luxury,333943,68,803,680
2026-08-15,Rolling 3 months,2026-05-01,2026-07-31,State,Tennessee,Luxury,1427583,62,4250,1884
2026-08-15,Rolling 3 months,2026-04-01,2026-06-30,State,Tennessee,Luxury,1399414,65,4151,1975
2026-08-15,Rolling 3 months,2026-03-01,2026-05-31,State,Tennessee,Luxury,1363006,80,3875,1926
2026-08-15,Rolling 3 months,2026-02-01,2026-04-30,State,Tennessee,Luxury,1321507,100,3498,1616
2026-08-15,Rolling 3 months,2026-01-01,2026-03-31,State,Tennessee,Luxury,1376496,115,3209,1351
2026-08-15,Rolling 3 months,2026-05-01,2026-07-31,State,Tennessee,Non-Luxury,381853,57,13301,8157
2026-08-15,Rolling 3 months,2026-04-01,2026-06-30,State,Tennessee,Non-Luxury,382983,58,13188,8579
2026-08-15,Rolling 3 months,2026-03-01,2026-05-31,State,Tennessee,Non-Luxury,382909,64,12826,8768
2026-08-15,Rolling 3 months,2026-02-01,2026-04-30,State,Tennessee,Non-Luxury,380558,75,12098,8246
2026-08-15,Rolling 3 months,2026-01-01,2026-03-31,State,Tennessee,Non-Luxury,375441,82,11430,7442
2026-08-15,Rolling 3 months,2026-05-01,2026-07-31,State,Texas,Luxury,1299196,47,14313,6181
2026-08-15,Rolling 3 months,2026-04-01,2026-06-30,State,Texas,Luxury,1306105,43,14162,6612
2026-08-15,Rolling 3 months,2026-03-01,2026-05-31,State,Texas,Luxury,1306917,48,13476,6422
2026-08-15,Rolling 3 months,2026-02-01,2026-04-30,State,Texas,Luxury,1291241,61,12306,5674
2026-08-15,Rolling 3 months,2026-01-01,2026-03-31,State,Texas,Luxury,1274060,79,11215,4718
2026-08-15,Rolling 3 months,2026-05-01,2026-07-31,State,Texas,Non-Luxury,343629,56,51901,29750
2026-08-15,Rolling 3 months,2026-04-01,2026-06-30,State,Texas,Non-Luxury,343976,58,51599,31277
2026-08-15,Rolling 3 months,2026-03-01,2026-05-31,State,Texas,Non-Luxury,344998,67,50734,32114
2026-08-15,Rolling 3 months,2026-02-01,2026-04-30,State,Texas,Non-Luxury,343670,79,48955,30893
2026-08-15,Rolling 3 months,2026-01-01,2026-03-31,State,Texas,Non-Luxury,342089,88,46936,28100
2026-08-15,Rolling 3 months,2026-05-01,2026-07-31,State,Utah,Luxury,1568491,46,1685,711
2026-08-15,Rolling 3 months,2026-04-01,2026-06-30,State,Utah,Luxury,1561419,47,1638,749
2026-08-15,Rolling 3 months,2026-03-01,2026-05-31,State,Utah,Luxury,1554991,63,1540,699
2026-08-15,Rolling 3 months,2026-02-01,2026-04-30,State,Utah,Luxury,1571339,77,1421,628
2026-08-15,Rolling 3 months,2026-01-01,2026-03-31,State,Utah,Luxury,1579742,99,1316,577
2026-08-15,Rolling 3 months,2026-05-01,2026-07-31,State,Utah,Non-Luxury,521640,40,5038,3472
2026-08-15,Rolling 3 months,2026-04-01,2026-06-30,State,Utah,Non-Luxury,521067,39,4987,3618
2026-08-15,Rolling 3 months,2026-03-01,2026-05-31,State,Utah,Non-Luxury,520906,40,4803,3742
2026-08-15,Rolling 3 months,2026-02-01,2026-04-30,State,Utah,Non-Luxury,517825,47,4577,3720
2026-08-15,Rolling 3 months,2026-01-01,2026-03-31,State,Utah,Non-Luxury,517947,56,4383,3543
2026-08-15,Rolling 3 months,2026-05-01,2026-07-31,State,Vermont,Luxury,1379880,37,264,114
2026-08-15,Rolling 3 months,2026-04-01,2026-06-30,State,Vermont,Luxury,1500517,61,237,98
2026-08-15,Rolling 3 months,2026-03-01,2026-05-31,State,Vermont,Luxury,1524537,94,207,80
2026-08-15,Rolling 3 months,2026-02-01,2026-04-30,State,Vermont,Luxury,1555774,133,187,60
2026-08-15,Rolling 3 months,2026-01-01,2026-03-31,State,Vermont,Luxury,1592024,145,178,49
2026-08-15,Rolling 3 months,2026-05-01,2026-07-31,State,Vermont,Non-Luxury,446938,47,731,604
2026-08-15,Rolling 3 months,2026-04-01,2026-06-30,State,Vermont,Non-Luxury,444268,58,659,550
2026-08-15,Rolling 3 months,2026-03-01,2026-05-31,State,Vermont,Non-Luxury,442272,67,578,493
2026-08-15,Rolling 3 months,2026-02-01,2026-04-30,State,Vermont,Non-Luxury,433731,81,508,399
2026-08-15,Rolling 3 months,2026-01-01,2026-03-31,State,Vermont,Non-Luxury,435287,77,466,345
2026-08-15,Rolling 3 months,2026-05-01,2026-07-31,State,Virginia,Luxury,1576555,26,2684,1599
2026-08-15,Rolling 3 months,2026-04-01,2026-06-30,State,Virginia,Luxury,1633934,22,2696,1808
2026-08-15,Rolling 3 months,2026-03-01,2026-05-31,State,Virginia,Luxury,1611915,23,2518,1798
2026-08-15,Rolling 3 months,2026-02-01,2026-04-30,State,Virginia,Luxury,1602562,33,2183,1546
2026-08-15,Rolling 3 months,2026-01-01,2026-03-31,State,Virginia,Luxury,1495604,47,1846,1243
2026-08-15,Rolling 3 months,2026-05-01,2026-07-31,State,Virginia,Non-Luxury,420633,28,9536,9325
2026-08-15,Rolling 3 months,2026-04-01,2026-06-30,State,Virginia,Non-Luxury,418500,26,9290,9852
2026-08-15,Rolling 3 months,2026-03-01,2026-05-31,State,Virginia,Non-Luxury,416853,27,8770,9908
2026-08-15,Rolling 3 months,2026-02-01,2026-04-30,State,Virginia,Non-Luxury,411222,32,7959,8891
2026-08-15,Rolling 3 months,2026-01-01,2026-03-31,State,Virginia,Non-Luxury,407772,39,7344,7898
2026-08-15,Rolling 3 months,2026-05-01,2026-07-31,State,Washington,Luxury,1904909,19,3307,1513
2026-08-15,Rolling 3 months,2026-04-01,2026-06-30,State,Washington,Luxury,1958146,17,3073,1569
2026-08-15,Rolling 3 months,2026-03-01,2026-05-31,State,Washington,Luxury,1955513,15,2714,1440
2026-08-15,Rolling 3 months,2026-02-01,2026-04-30,State,Washington,Luxury,1875948,26,2280,1200
2026-08-15,Rolling 3 months,2026-01-01,2026-03-31,State,Washington,Luxury,1780465,41,1938,991
2026-08-15,Rolling 3 months,2026-05-01,2026-07-31,State,Washington,Non-Luxury,599623,18,9954,7837
2026-08-15,Rolling 3 months,2026-04-01,2026-06-30,State,Washington,Non-Luxury,601209,16,9374,8220
2026-08-15,Rolling 3 months,2026-03-01,2026-05-31,State,Washington,Non-Luxury,599438,17,8572,8197
2026-08-15,Rolling 3 months,2026-02-01,2026-04-30,State,Washington,Non-Luxury,597924,25,7598,7505
2026-08-15,Rolling 3 months,2026-01-01,2026-03-31,State,Washington,Non-Luxury,595020,37,6853,6643
2026-08-15,Rolling 3 months,2026-05-01,2026-07-31,State,West Virginia,Luxury,653073,55,364,237
2026-08-15,Rolling 3 months,2026-04-01,2026-06-30,State,West Virginia,Luxury,664493,60,355,246
2026-08-15,Rolling 3 months,2026-03-01,2026-05-31,State,West Virginia,Luxury,656702,86,331,238
2026-08-15,Rolling 3 months,2026-02-01,2026-04-30,State,West Virginia,Luxury,654122,102,290,200
2026-08-15,Rolling 3 months,2026-01-01,2026-03-31,State,West Virginia,Luxury,638457,113,266,154
2026-08-15,Rolling 3 months,2026-05-01,2026-07-31,State,West Virginia,Non-Luxury,237829,45,1279,1187
2026-08-15,Rolling 3 months,2026-04-01,2026-06-30,State,West Virginia,Non-Luxury,241437,47,1310,1221
2026-08-15,Rolling 3 months,2026-03-01,2026-05-31,State,West Virginia,Non-Luxury,244953,54,1283,1264
2026-08-15,Rolling 3 months,2026-02-01,2026-04-30,State,West Virginia,Non-Luxury,238298,63,1215,1122
2026-08-15,Rolling 3 months,2026-01-01,2026-03-31,State,West Virginia,Non-Luxury,227511,68,1170,1013
2026-08-15,Rolling 3 months,2026-05-01,2026-07-31,State,Wisconsin,Luxury,972629,60,1832,1167
2026-08-15,Rolling 3 months,2026-04-01,2026-06-30,State,Wisconsin,Luxury,972616,60,1744,1128
2026-08-15,Rolling 3 months,2026-03-01,2026-05-31,State,Wisconsin,Luxury,955231,63,1569,1047
2026-08-15,Rolling 3 months,2026-02-01,2026-04-30,State,Wisconsin,Luxury,953876,79,1362,845
2026-08-15,Rolling 3 months,2026-01-01,2026-03-31,State,Wisconsin,Luxury,947404,97,1195,663
2026-08-15,Rolling 3 months,2026-05-01,2026-07-31,State,Wisconsin,Non-Luxury,339580,40,5500,5661
2026-08-15,Rolling 3 months,2026-04-01,2026-06-30,State,Wisconsin,Non-Luxury,339039,40,5284,5676
2026-08-15,Rolling 3 months,2026-03-01,2026-05-31,State,Wisconsin,Non-Luxury,337431,41,4819,5296
2026-08-15,Rolling 3 months,2026-02-01,2026-04-30,State,Wisconsin,Non-Luxury,333881,47,4288,4632
2026-08-15,Rolling 3 months,2026-01-01,2026-03-31,State,Wisconsin,Non-Luxury,332089,52,3869,4073
2026-08-15,Rolling 3 months,2026-05-01,2026-07-31,State,Wyoming,Luxury,916951,53,268,129
2026-08-15,Rolling 3 months,2026-04-01,2026-06-30,State,Wyoming,Luxury,900320,56,254,108
2026-08-15,Rolling 3 months,2026-03-01,2026-05-31,State,Wyoming,Luxury,877880,62,236,79
2026-08-15,Rolling 3 months,2026-02-01,2026-04-30,State,Wyoming,Luxury,878336,98,221,77
2026-08-15,Rolling 3 months,2026-01-01,2026-03-31,State,Wyoming,Luxury,980558,124,213,71
2026-08-15,Rolling 3 months,2026-05-01,2026-07-31,State,Wyoming,Non-Luxury,361847,27,578,618
2026-08-15,Rolling 3 months,2026-04-01,2026-06-30,State,Wyoming,Non-Luxury,357378,29,561,609
2026-08-15,Rolling 3 months,2026-03-01,2026-05-31,State,Wyoming,Non-Luxury,353189,35,530,553
2026-08-15,Rolling 3 months,2026-02-01,2026-04-30,State,Wyoming,Non-Luxury,346687,40,494,488
2026-08-15,Rolling 3 months,2026-01-01,2026-03-31,State,Wyoming,Non-Luxury,350942,46,471,415
